City_ID,City,Lat,Lng,Max Temp,Humidity,Cloudiness,Wind Speed,Country,Date
0,upernavik,72.7868,-56.1549,-6.21,66,98,3.1,GL,1670195892
1,port blair,11.6667,92.75,28.02,83,40,3.6,IN,1670195893
2,nabire,-3.3667,135.4833,26.17,80,98,1.63,ID,1670195893
3,tuktoyaktuk,69.4541,-133.0374,-26.0,76,20,5.66,CA,1670195893
4,kapaa,22.0752,-159.319,28.18,70,40,5.66,US,1670195894
5,salalah,17.0151,54.0924,24.05,73,40,1.03,OM,1670195894
6,labuhan,-6.8844,112.2051,26.15,84,95,2.25,ID,1670195895
7,sorland,67.667,12.6934,6.92,88,100,11.45,NO,1670195895
8,rikitea,-23.1203,-134.9692,24.05,82,75,6.26,PF,1670195868
9,cabo san lucas,22.8909,-109.9124,30.61,57,0,0.0,MX,1670195896
10,hilo,19.7297,-155.09,26.45,70,75,3.09,US,1670195896
11,hasaki,35.7333,140.8333,8.22,75,100,9.77,JP,1670195897
12,guerrero negro,27.9769,-114.0611,19.62,77,100,5.83,MX,1670195897
13,khash,28.2211,61.2158,8.6,39,23,1.52,IR,1670195897
14,hobart,-42.8794,147.3294,12.37,95,75,8.75,AU,1670195703
15,san patricio,28.017,-97.5169,20.05,74,93,2.69,US,1670195898
16,tosya,41.0155,34.0401,5.45,75,55,0.69,TR,1670195898
17,puerto escondido,15.85,-97.0667,28.46,61,0,1.54,MX,1670195899
18,hambantota,6.1241,81.1185,24.43,87,100,2.26,LK,1670195899
19,mackay,-21.15,149.2,29.27,67,0,1.43,AU,1670195791
20,riyadh,24.6877,46.7219,17.08,36,52,3.66,SA,1670195889
21,fukue,32.6881,128.8419,12.2,47,75,9.26,JP,1670195900
22,nanortalik,60.1432,-45.2371,-3.09,68,95,3.42,GL,1670195900
23,mataura,-46.1927,168.8643,10.27,68,100,1.22,NZ,1670195901
24,tuatapere,-46.1333,167.6833,13.26,75,100,2.39,NZ,1670195901
25,college,64.8569,-147.8028,-8.84,85,75,0.0,US,1670195901
26,suoyarvi,62.0833,32.35,-5.53,95,100,2.98,RU,1670195902
27,ponta do sol,32.6667,-17.1,17.78,85,99,8.32,PT,1670195902
28,hermanus,-34.4187,19.2345,10.45,74,56,1.91,ZA,1670195808
29,saint-francois,46.4154,3.9054,3.69,93,100,1.03,FR,1670195903
30,arraial do cabo,-22.9661,-42.0278,22.86,88,100,13.18,BR,1670195700
31,bredasdorp,-34.5322,20.0403,13.95,71,86,1.53,ZA,1670195903
32,yellowknife,62.456,-114.3525,-20.71,71,75,4.12,CA,1670195735
33,kyaukse,21.6,96.1333,19.0,94,40,0.0,MM,1670195904
34,punta arenas,-53.15,-70.9167,8.06,61,40,12.35,CL,1670195904
35,jonkoping,57.7814,14.1562,1.88,100,100,3.6,SE,1670195905
36,caranavi,-15.8167,-67.55,21.01,68,100,1.37,BO,1670195905
37,vaini,-21.2,-175.2,26.09,89,75,4.63,TO,1670195905
38,acapulco,16.8634,-99.8901,28.9,74,0,3.6,MX,1670195906
39,passi,11.15,122.65,24.79,94,100,2.2,PH,1670195907
40,kahului,20.8947,-156.47,29.01,62,40,9.26,US,1670195907
41,albany,42.6001,-73.9662,-0.26,71,70,1.59,US,1670195826
42,ambon,-3.6954,128.1814,27.08,83,40,2.06,ID,1670195517
43,bluff,-46.6,168.3333,10.45,66,100,3.14,NZ,1670195895
44,dasoguz,41.8363,59.9666,-15.03,78,0,3.09,TM,1670195908
45,gainesville,29.6516,-82.3248,22.23,85,100,2.06,US,1670195878
46,erbaa,40.6689,36.5675,9.15,89,83,0.58,TR,1670195908
47,tasiilaq,65.6145,-37.6368,-1.91,65,6,1.68,GL,1670195909
48,birjand,32.8663,59.2211,1.26,51,0,2.06,IR,1670195909
49,atuona,-9.8,-139.0333,25.17,80,13,8.1,PF,1670195910
50,cape town,-33.9258,18.4232,17.23,65,0,6.69,ZA,1670195856
51,norman wells,65.282,-126.8329,-26.98,83,20,0.0,CA,1670195910
52,waki,34.0667,134.15,8.68,81,79,1.56,JP,1670195911
53,ancud,-41.8697,-73.8203,13.61,87,98,5.42,CL,1670195911
54,ilulissat,69.2167,-51.1,2.01,64,100,3.6,GL,1670195911
55,cabedelo,-6.9811,-34.8339,26.37,75,27,5.31,BR,1670195912
56,severo-kurilsk,50.6789,156.125,-4.36,63,76,8.08,RU,1670195912
57,cozumel,20.5083,-86.9458,27.26,74,40,3.09,MX,1670195748
58,ushuaia,-54.8,-68.3,8.81,61,75,9.26,AR,1670195843
59,bengkulu,-3.8004,102.2655,23.32,90,100,1.47,ID,1670195913
60,araouane,18.9048,-3.5265,26.34,15,100,4.17,ML,1670195913
61,caravelas,-17.7125,-39.2481,23.44,74,100,3.64,BR,1670195914
62,vila velha,-20.3297,-40.2925,21.97,97,75,0.51,BR,1670195914
63,kushima,31.4583,131.2333,10.89,93,100,3.15,JP,1670195915
64,atar,20.5169,-13.0499,20.56,27,0,0.58,MR,1670195915
65,shache,38.4167,77.2406,-5.76,35,64,0.54,CN,1670195915
66,azacualpa,15.3433,-88.5514,24.36,92,38,1.26,HN,1670195916
67,bilma,18.6853,12.9164,23.54,19,0,3.15,NE,1670195916
68,barrow,71.2906,-156.7887,-6.99,86,100,11.83,US,1670195917
69,dingle,10.9995,122.6711,24.3,93,100,3.66,PH,1670195917
70,kondinskoye,59.6481,67.41,-20.28,100,78,2.01,RU,1670195917
71,muros,42.7762,-9.0603,8.16,91,87,2.28,ES,1670195864
72,qaanaaq,77.484,-69.3632,-18.72,67,46,3.47,GL,1670195918
73,holme,56.1138,10.1725,3.76,89,100,7.08,DK,1670195918
74,busselton,-33.65,115.3333,16.17,68,100,5.88,AU,1670195919
75,chuy,-33.6971,-53.4616,19.04,91,6,3.19,UY,1670195919
76,spirovo,57.419,34.9766,-7.35,83,100,3.98,RU,1670195919
77,zelenoborsk,61.4669,64.0333,-15.56,100,95,1.28,RU,1670195920
78,cayenne,4.9333,-52.3333,24.02,94,0,1.03,GF,1670195657
79,valparaiso,-33.0393,-71.6273,24.13,40,0,5.14,CL,1670195616
80,rocha,-34.4833,-54.3333,17.01,90,0,2.56,UY,1670195726
81,saldanha,-33.0117,17.9442,14.03,80,1,7.21,ZA,1670195921
82,yambio,4.5721,28.3955,22.04,72,60,1.49,SS,1670195921
83,east london,-33.0153,27.9116,19.95,90,100,7.83,ZA,1670195654
84,manaure,11.7751,-72.4445,26.02,78,65,6.33,CO,1670195922
85,bambous virieux,-20.3428,57.7575,25.14,78,40,3.09,MU,1670195916
86,pisco,-13.7,-76.2167,20.03,77,0,7.72,PE,1670195922
87,tiksi,71.6872,128.8694,-21.2,97,100,4.59,RU,1670195923
88,nkoteng,4.5167,12.0333,22.24,89,71,1.04,CM,1670195923
89,arman,59.7,150.1667,-24.64,83,55,4.1,RU,1670195923
90,visby,57.6409,18.296,2.81,87,100,6.17,SE,1670195924
91,beloha,-25.1667,45.05,23.89,80,88,2.0,MG,1670195924
92,te anau,-45.4167,167.7167,15.03,74,94,2.67,NZ,1670195925
93,ongandjera,-17.8833,15.0667,26.64,23,74,7.23,,1670195925
94,lata,40.1629,-8.3327,9.49,81,90,2.67,PT,1670195925
95,nemuro,43.3236,145.575,-2.73,60,18,9.42,JP,1670195926
96,ribeira grande,38.5167,-28.7,15.43,73,99,4.02,PT,1670195926
97,katsuura,35.1333,140.3,12.76,83,100,8.87,JP,1670195927
98,puerto boyaca,5.9758,-74.5885,23.88,93,63,1.21,CO,1670195927
99,pevek,69.7008,170.3133,-16.37,95,100,4.94,RU,1670195906
100,lokhvytsya,50.3678,33.2602,-5.99,44,14,5.02,UA,1670195928
101,pundri,29.75,76.55,13.36,38,0,1.11,IN,1670195928
102,prieska,-29.6641,22.7474,20.19,32,100,6.24,ZA,1670195929
103,leningradskiy,69.3833,178.4167,-10.63,93,100,4.3,RU,1670195928
104,diamantino,-14.4086,-56.4461,23.21,85,98,1.87,BR,1670195929
105,faanui,-16.4833,-151.75,26.86,76,13,6.59,PF,1670195854
106,moree,-29.4667,149.85,24.9,43,0,2.57,AU,1670195930
107,cherskiy,68.75,161.3,-34.68,100,27,1.82,RU,1670195930
108,port elizabeth,-33.918,25.5701,16.29,97,100,3.6,ZA,1670195931
109,victoria,22.2855,114.1577,18.47,80,100,6.71,HK,1670195828
110,sitka,57.0531,-135.33,2.94,70,0,2.06,US,1670195931
111,bahar,34.9072,48.4414,1.09,69,75,2.06,IR,1670195932
112,lamu,-2.2717,40.902,25.12,81,7,3.25,KE,1670195932
113,portland,45.5234,-122.6762,2.51,92,100,4.12,US,1670195727
114,pietermaritzburg,-29.6168,30.3928,18.71,99,100,0.64,ZA,1670195933
115,yulara,-25.2406,130.9889,32.12,14,2,7.65,AU,1670195933
116,prince george,53.9166,-122.753,-12.08,86,100,1.54,CA,1670195711
117,myaundzha,63.0494,147.1858,-46.65,99,70,0.78,RU,1670195934
118,villa union,23.2,-106.2333,28.98,58,75,4.12,MX,1670195934
119,balkhash,46.844,74.9804,-16.26,86,4,2.29,KZ,1670195935
120,luderitz,-26.6481,15.1594,15.91,69,3,8.27,,1670195935
121,asau,46.4333,26.4,-2.49,98,100,1.59,RO,1670195935
122,khatanga,71.9667,102.5,-18.14,97,100,3.19,RU,1670195936
123,mount gambier,-37.8333,140.7667,13.45,76,100,5.59,AU,1670195936
124,dikson,73.5069,80.5464,-1.84,86,100,9.41,RU,1670195937
125,kokopo,-4.352,152.2633,27.61,75,92,2.6,PG,1670195937
126,avera,33.194,-82.5271,15.73,57,100,3.09,US,1670195937
127,nikolskoye,59.7035,30.7861,-4.06,95,100,3.59,RU,1670195938
128,puerto ayora,-0.7393,-90.3518,21.42,89,76,2.24,EC,1670195806
129,butaritari,3.0707,172.7902,26.92,80,35,5.43,KI,1670195836
130,svetlogorsk,52.6333,29.7333,-7.95,80,100,4.3,BY,1670195939
131,poum,-20.2333,164.0167,26.69,82,98,9.16,NC,1670195939
132,sobolevo,54.4299,31.8996,-9.82,87,100,4.21,RU,1670195939
133,omsukchan,62.5333,155.8,-22.36,99,100,1.26,RU,1670195940
134,cardiff,51.48,-3.18,5.49,79,75,6.69,GB,1670195704
135,kirensk,57.7853,108.1119,-15.43,89,100,8.01,RU,1670195940
136,pergamino,-33.89,-60.5736,29.94,19,4,2.3,AR,1670195941
137,murdochville,48.9583,-65.5006,-7.51,88,64,3.53,CA,1670195941
138,torbay,47.6666,-52.7314,2.54,87,75,10.29,CA,1670195942
139,lavrentiya,65.5833,-171.0,0.29,98,100,14.13,RU,1670195942
140,jalu,29.0331,21.5482,15.75,51,5,4.34,LY,1670195922
141,maragogi,-9.0122,-35.2225,24.52,84,48,5.32,BR,1670195943
142,srednekolymsk,67.45,153.6833,-43.89,100,63,1.24,RU,1670195943
143,clyde river,70.4692,-68.5914,-14.87,85,100,10.8,CA,1670195930
144,vanavara,60.34,102.2797,-14.12,91,100,5.54,RU,1670195944
145,sungaipenuh,-2.0833,101.3833,17.57,92,100,0.49,ID,1670195945
146,chibombo,-14.6569,28.0706,21.22,42,81,1.96,ZM,1670195945
147,iqaluit,63.7506,-68.5145,-2.15,100,100,3.6,CA,1670195945
148,buritis,-15.6178,-46.4233,21.23,91,64,1.62,BR,1670195946
149,grants pass,42.439,-123.3284,10.75,77,20,3.09,US,1670195946
150,airai,-8.9266,125.4092,19.62,53,99,0.69,TL,1670195947
151,chokurdakh,70.6333,147.9167,-39.96,100,45,1.7,RU,1670195947
152,larkana,27.5551,68.2141,17.86,26,0,1.22,PK,1670195936
153,athabasca,54.7169,-113.2854,-7.77,67,67,7.2,CA,1670195948
154,belaya gora,68.5333,146.4167,-36.54,100,100,1.31,RU,1670195948
155,bathsheba,13.2167,-59.5167,24.47,93,20,1.54,BB,1670195915
156,vestmannaeyjar,63.4427,-20.2734,3.61,73,20,7.62,IS,1670195949
157,pangkalanbuun,-2.6833,111.6167,23.75,96,90,0.74,ID,1670195950
158,saint anthony,45.0205,-93.218,0.96,59,0,5.14,US,1670195950
159,krasnyy yar,46.5331,48.3456,-13.04,48,3,3.82,RU,1670195950
160,kudahuvadhoo,2.6708,72.8944,25.82,83,98,3.04,MV,1670195951
161,broome,42.2506,-75.833,0.92,72,0,2.57,US,1670195951
162,bilibino,68.0546,166.4372,-26.43,100,100,0.83,RU,1670195952
163,port alfred,-33.5906,26.891,17.88,89,100,0.45,ZA,1670195902
164,esna,25.2934,32.554,17.53,45,99,5.01,EG,1670195953
165,kavieng,-2.5744,150.7967,26.88,78,100,4.23,PG,1670195953
166,gat,31.61,34.7642,16.33,66,0,1.9,IL,1670195954
167,andenes,69.3143,16.1194,1.07,93,75,7.2,NO,1670195954
168,ipswich,52.0592,1.1555,6.12,83,100,0.45,GB,1670195691
169,shakawe,-18.3667,21.85,25.54,28,28,2.02,BW,1670195955
170,namatanai,-3.6667,152.4333,27.77,76,100,2.45,PG,1670195956
171,kaeo,-35.1,173.7833,20.52,54,0,3.21,NZ,1670195956
172,olafsvik,64.8945,-23.7142,6.09,75,95,2.26,IS,1670195957
173,souillac,-20.5167,57.5167,25.21,78,40,3.09,MU,1670195957
174,new norfolk,-42.7826,147.0587,12.18,70,100,2.24,AU,1670195958
175,tondano,1.3038,124.9112,23.05,87,98,0.74,ID,1670195958
176,port hedland,-20.3167,118.5667,32.03,35,17,5.14,AU,1670195959
177,galesong,-5.3166,119.3661,26.01,79,98,2.16,ID,1670195959
178,chillicothe,39.3331,-82.9824,0.69,51,0,0.0,US,1670195852
179,vostok,46.4856,135.8833,-24.29,98,100,2.65,RU,1670195960
180,castries,13.9957,-61.0061,24.07,87,20,1.03,LC,1670195960
181,alamosa,37.4695,-105.87,6.99,65,0,1.54,US,1670195961
182,caala,-12.8525,15.5606,16.29,89,100,1.2,AO,1670195961
183,spencer,43.1414,-95.1444,2.02,60,0,4.12,US,1670195962
184,alyangula,-13.8483,136.4192,29.17,68,74,4.61,AU,1670195962
185,madang,-5.2246,145.7966,27.93,73,99,1.83,PG,1670195963
186,faya,18.3851,42.4509,11.06,81,1,1.41,SA,1670195963
187,avarua,-21.2078,-159.775,28.03,83,40,3.6,CK,1670195826
188,deputatskiy,69.3,139.9,-26.55,98,100,1.48,RU,1670195964
189,jamestown,42.097,-79.2353,0.01,59,0,4.12,US,1670195964
190,forestville,38.8451,-76.875,4.79,61,0,0.0,US,1670195964
191,santa catalina,9.3337,122.8637,26.37,85,91,3.96,PH,1670195965
192,redlands,34.0556,-117.1825,19.05,65,100,2.06,US,1670195965
193,kruisfontein,-34.0033,24.7314,14.94,80,75,3.11,ZA,1670195966
194,bougouni,11.417,-7.479,25.06,62,86,1.95,ML,1670195966
195,adre,13.4667,22.2,20.56,18,32,6.44,TD,1670195967
196,shingu,33.7333,135.9833,9.57,63,81,2.14,JP,1670195967
197,high rock,26.6208,-78.2833,23.01,64,30,5.12,BS,1670195967
198,sabang,5.8933,95.3214,27.17,76,100,5.82,ID,1670195968
199,jagdalpur,19.0667,82.0333,14.61,77,23,1.19,IN,1670195968
200,goderich,43.7501,-81.7165,3.28,56,28,8.23,CA,1670195969
201,merauke,-8.4667,140.3333,28.47,67,48,3.01,ID,1670195969
202,casa grande,32.8795,-111.7573,17.95,94,100,0.0,US,1670195970
203,afua,-0.1567,-50.3867,24.83,87,100,2.24,BR,1670195970
204,karpathos,35.507,27.2132,14.98,77,1,7.72,GR,1670195970
205,sioux lookout,50.1001,-91.917,-9.96,85,100,3.6,CA,1670195904
206,saskylakh,71.9167,114.0833,-23.03,96,100,7.01,RU,1670195903
207,tanete,-3.9443,119.7848,24.54,92,100,0.82,ID,1670195971
208,katangli,51.7102,143.2326,-24.03,93,17,5.48,RU,1670195971
209,inirida,3.8653,-67.9239,23.88,92,71,0.2,CO,1670195972
210,karasjok,69.4719,25.5112,-12.81,97,83,3.19,NO,1670195972
211,zawadzkie,50.605,18.4847,1.12,87,100,2.58,PL,1670195973
212,san rafael,-34.6177,-68.3301,30.2,22,1,2.88,AR,1670195973
213,matara,5.9485,80.5353,23.92,88,98,1.14,LK,1670195973
214,touros,-5.1989,-35.4608,25.94,75,64,6.32,BR,1670195957
215,clarence town,-32.5833,151.7833,24.97,42,3,1.94,AU,1670195974
216,geraldton,-28.7667,114.6,19.23,77,5,4.63,AU,1670195408
217,saint-philippe,-21.3585,55.7679,22.77,83,74,3.55,RE,1670195882
218,umm lajj,25.0213,37.2685,23.92,67,100,2.78,SA,1670195975
219,sao filipe,14.8961,-24.4956,22.24,64,92,1.63,CV,1670195975
220,winnemucca,40.973,-117.7357,4.03,81,75,2.57,US,1670195976
221,bar harbor,44.3876,-68.2039,0.06,53,0,2.24,US,1670195976
222,nerang,-27.9833,153.3333,27.43,76,16,1.34,AU,1670195976
223,port hardy,50.6996,-127.4199,2.83,71,3,0.18,CA,1670195733
224,wilmington,34.2257,-77.9447,12.14,68,0,4.12,US,1670195924
225,lagoa,39.05,-27.9833,15.23,70,100,4.42,PT,1670195977
226,ranong,9.9658,98.6348,24.93,92,100,4.57,TH,1670195723
227,alofi,-19.0595,-169.9187,28.94,70,73,3.6,NU,1670195978
228,hellvik,59.9156,5.781,1.11,80,8,0.89,NO,1670195978
229,husavik,66.0449,-17.3389,0.41,71,81,5.05,IS,1670195979
230,ponta delgada,37.7333,-25.6667,14.4,77,20,4.12,PT,1670195979
231,krasnoselkup,65.7,82.4667,-8.69,95,100,6.15,RU,1670195980
232,san juan de abajo,20.8167,-105.1833,27.04,78,40,2.57,MX,1670195980
233,baoqing,46.3317,132.2111,-17.33,83,2,3.6,CN,1670195980
234,sumbe,-11.2061,13.8437,25.07,83,100,2.35,AO,1670195981
235,panzhihua,26.5851,101.7128,7.18,74,43,0.77,CN,1670195981
236,kikwit,-5.041,18.8162,20.14,98,100,1.18,CD,1670195982
237,mar del plata,-38.0023,-57.5575,21.16,80,20,4.63,AR,1670195982
238,uri,34.0833,74.0333,6.76,45,80,2.89,IN,1670195982
239,pacific grove,36.6177,-121.9166,15.41,77,0,3.13,US,1670195983
240,narsaq,60.9167,-46.05,-10.88,60,37,3.59,GL,1670195983
241,ben tre,10.2333,106.3833,23.94,94,93,1.84,VN,1670195984
242,the valley,18.217,-63.0578,25.92,78,20,1.54,AI,1670195984
243,carmen,18.6333,-91.8333,27.02,74,20,3.6,MX,1670195867
244,maceio,-9.6658,-35.7353,23.69,94,75,3.09,BR,1670195823
245,sokoni,-6.4333,39.55,26.54,76,38,4.04,TZ,1670195985
246,bhadrachalam,17.6667,80.8833,19.3,90,14,0.27,IN,1670195985
247,komsomolskiy,40.4272,71.7189,1.4,86,75,0.0,UZ,1670195986
248,hervey bay,-25.2986,152.8535,23.45,70,31,4.69,AU,1670195986
249,alice springs,-23.7,133.8833,32.75,14,0,6.69,AU,1670195803
250,georgetown,5.4112,100.3354,27.35,89,20,1.54,MY,1670195779
251,lebu,-37.6167,-73.65,14.84,80,0,6.03,CL,1670195815
252,boende,-0.2167,20.8667,21.39,99,100,1.05,CD,1670195987
253,bethel,41.3712,-73.414,3.69,65,0,0.0,US,1670195831
254,esperance,-33.8667,121.9,16.94,77,95,5.83,AU,1670195943
255,mizan teferi,6.9833,35.5833,16.46,84,59,1.34,ET,1670195988
256,llanes,43.4198,-4.7549,9.21,64,1,2.3,ES,1670195988
257,castro,-24.7911,-50.0119,18.69,97,100,1.84,BR,1670195856
258,ingham,42.6,-84.3833,0.57,59,0,2.06,US,1670195989
259,carnarvon,-24.8667,113.6333,21.44,75,34,7.29,AU,1670195989
260,antofagasta,-23.65,-70.4,17.6,73,8,1.73,CL,1670195765
261,tazovskiy,67.4667,78.7,-2.78,90,100,7.21,RU,1670195990
262,kupino,54.3663,77.2981,-20.1,96,56,2.08,RU,1670195990
263,tatawin,32.9297,10.4518,12.71,33,3,0.99,TN,1670195990
264,saryozek,44.3583,77.9753,-8.21,94,100,0.38,KZ,1670195991
265,barkhera,28.45,79.8,14.39,54,2,1.53,IN,1670195961
266,patterson,37.4716,-121.1297,16.86,66,63,2.73,US,1670195730
267,taikang,46.8333,124.4167,-19.76,86,3,3.47,CN,1670195991
268,mamontovo,52.7055,81.6244,-16.03,98,95,2.79,RU,1670195992
269,richards bay,-28.783,32.0377,22.22,90,100,3.6,ZA,1670195992
270,hernani,43.2662,-1.9762,6.59,74,0,2.06,ES,1670195993
271,gwadar,25.1216,62.3254,22.58,56,0,2.62,PK,1670195993
272,auki,-8.7676,160.7034,28.55,72,91,3.46,SB,1670195994
273,yumen,40.2833,97.2,-11.2,85,69,2.88,CN,1670195994
274,copiapo,-27.3667,-70.3333,14.83,31,0,2.49,CL,1670195968
275,matagami,49.7502,-77.6328,-10.94,92,0,3.09,CA,1670195995
276,port macquarie,-31.4333,152.9167,25.5,61,14,3.15,AU,1670195995
277,sangar,63.9242,127.4739,-30.77,95,100,6.12,RU,1670195996
278,hithadhoo,-0.6,73.0833,27.56,76,100,4.71,MV,1670195996
279,saint-joseph,-21.3667,55.6167,22.21,82,68,3.29,RE,1670195997
280,bazarnyy karabulak,52.2683,46.4144,-12.61,84,23,2.54,RU,1670195997
281,erzin,36.9559,36.2,13.71,56,2,1.58,TR,1670195997
282,beloye,48.4952,39.0505,-7.87,64,74,5.87,UA,1670195998
283,begoro,6.3871,-0.3774,22.04,93,76,1.69,GH,1670195998
284,sunrise manor,36.2111,-115.0731,21.55,44,0,5.66,US,1670195999
285,la palma,33.8464,-118.0467,20.2,80,100,2.57,US,1670195999
286,whitehorse,60.7161,-135.0538,-4.39,85,20,1.54,CA,1670195999
287,dayong,25.0209,118.2898,16.85,85,100,1.1,CN,1670196000
288,laguna,38.421,-121.4238,15.51,81,40,0.0,US,1670196000
289,batagay-alyta,67.8006,130.4114,-23.95,100,100,0.68,RU,1670196001
290,lorengau,-2.0226,147.2712,27.22,80,100,1.97,PG,1670196001
291,calama,-22.4667,-68.9333,17.72,14,0,5.86,CL,1670195733
292,guantanamo,20.1444,-75.2092,26.76,68,2,3.76,CU,1670196002
293,razdolinsk,58.4211,94.6658,-29.6,100,66,0.82,RU,1670196003
294,buala,-8.145,159.5921,28.04,77,100,4.43,SB,1670196004
295,zhigansk,66.7697,123.3711,-27.0,97,100,1.42,RU,1670196004
296,kirakira,-10.4544,161.9205,27.97,78,100,4.53,SB,1670196005
297,cairns,-16.9167,145.7667,29.5,67,0,2.06,AU,1670195981
298,garissa,-0.4536,39.6401,25.99,68,77,3.26,KE,1670196007
299,mandera,3.9366,41.867,28.14,44,63,4.18,KE,1670195954
300,bubaque,11.2833,-15.8333,26.61,69,96,6.2,GW,1670195895
301,sydney,-33.8679,151.2073,27.01,61,0,3.6,AU,1670195542
302,coahuayana,18.7333,-103.6833,29.26,64,6,2.03,MX,1670196009
303,corinto,37.9407,22.9573,13.83,78,82,1.82,GR,1670196010
304,high level,58.5169,-117.136,-12.94,61,40,4.12,CA,1670196010
305,rexburg,43.826,-111.7897,-0.01,77,100,0.0,US,1670195734
306,kulachi,31.9286,70.4592,15.27,30,0,0.71,PK,1670196013
307,santa rosa,14.3122,121.1114,26.99,88,100,3.85,PH,1670195840
308,isangel,-19.55,169.2667,31.06,79,100,3.6,VU,1670195929
309,la ronge,55.1001,-105.2842,-10.86,67,75,12.35,CA,1670196014
310,plettenberg bay,-34.0527,23.3716,13.95,85,42,3.1,ZA,1670196015
311,martapura,-3.4167,114.85,25.05,100,40,2.57,ID,1670196015
312,rio grande,-32.035,-52.0986,23.06,88,12,5.25,BR,1670196016
313,lompoc,34.6391,-120.4579,18.34,74,0,3.09,US,1670195748
314,xining,36.6167,101.7667,-6.53,53,47,1.0,CN,1670196017
315,saint george,37.1041,-113.5841,16.64,46,0,1.54,US,1670195942
316,lovozero,68.005,35.0117,-7.89,91,98,1.87,RU,1670196019
317,farafangana,-22.8167,47.8333,22.9,89,100,2.3,MG,1670196019
318,kijang,35.2442,129.2139,2.85,25,100,2.21,KR,1670196020
319,nyagan,62.1406,65.3936,-14.96,99,99,0.76,RU,1670196020
320,mahebourg,-20.4081,57.7,25.16,78,40,3.09,MU,1670196021
321,uyuni,-20.4597,-66.825,12.31,32,29,9.87,BO,1670196021
322,lodja,-3.4833,23.4333,18.69,99,100,0.47,CD,1670196022
323,namibe,-15.1961,12.1522,20.67,84,95,3.08,AO,1670195974
324,san quintin,30.4833,-115.95,17.81,75,100,6.52,MX,1670196023
325,sao joao da barra,-21.6403,-41.0511,24.05,87,100,9.09,BR,1670196024
326,chapada dos guimaraes,-15.4606,-55.7497,20.81,86,85,2.42,BR,1670196024
327,iquique,-20.2208,-70.1431,19.02,72,21,1.12,CL,1670196024
328,christchurch,-43.5333,172.6333,18.01,72,100,6.17,NZ,1670195852
329,mangrol,21.1167,70.1167,21.34,37,2,5.97,IN,1670196025
330,jaque,7.5175,-78.1703,24.94,88,44,2.66,PA,1670196026
331,general roca,-39.0333,-67.5833,29.79,14,46,0.6,AR,1670196026
332,kariapatti,9.6751,78.0999,25.29,94,40,1.54,IN,1670196027
333,dakar,14.6937,-17.4441,24.07,83,0,2.06,SN,1670196027
334,maniitsoq,65.4167,-52.9,1.17,64,100,10.07,GL,1670195890
335,galle,6.0367,80.217,24.48,85,98,0.7,LK,1670196028
336,kaitangata,-46.2817,169.8464,11.53,65,100,0.74,NZ,1670196028
337,pandan,14.0453,124.1694,26.54,88,100,5.3,PH,1670196029
338,kiama,-34.6833,150.8667,27.36,63,4,4.02,AU,1670196029
339,coihaique,-45.5752,-72.0662,11.34,87,75,3.09,CL,1670195945
340,thompson,55.7435,-97.8558,-27.91,76,40,2.57,CA,1670195733
341,carutapera,-1.195,-46.02,25.59,83,44,3.47,BR,1670196030
342,disna,55.568,28.1971,-6.18,85,100,4.53,BY,1670196030
343,pitimbu,-7.4706,-34.8086,26.33,78,12,5.25,BR,1670196031
344,izumo,35.3667,132.7667,8.97,81,75,3.6,JP,1670196031
345,poole,50.7167,-2.0,5.56,84,100,1.79,GB,1670196032
346,bogale,16.2833,95.4,23.97,85,51,1.88,MM,1670196032
347,carahue,-38.7,-73.1667,15.76,64,25,2.73,CL,1670196033
348,longyearbyen,78.2186,15.6401,-0.09,93,100,1.54,SJ,1670196033
349,cessnock,-32.8333,151.35,26.09,40,4,2.67,AU,1670196033
350,havelock,34.8791,-76.9013,9.97,75,75,4.63,US,1670195636
351,bedford,52.1346,-0.4663,4.52,93,100,4.29,GB,1670195900
352,kibaya,-5.3,36.5667,15.76,92,99,1.53,TZ,1670196034
353,onguday,50.75,86.15,-12.15,92,100,0.38,RU,1670196035
354,half moon bay,37.4636,-122.4286,16.55,74,40,6.17,US,1670196035
355,cidreira,-30.1811,-50.2056,22.18,94,65,1.4,BR,1670196035
356,peleduy,59.6289,112.7406,-14.64,93,100,7.55,RU,1670196036
357,berdigestyakh,62.0989,126.6992,-14.16,95,100,3.8,RU,1670196036
358,batagay,67.6333,134.6333,-26.93,98,100,1.74,RU,1670196037
359,novyy urengoy,66.0833,76.6333,-4.09,94,100,6.58,RU,1670196037
360,zhoucun,36.8167,117.8167,-2.84,37,60,0.91,CN,1670196037
361,jinxi,30.4323,116.2922,4.85,87,100,2.23,CN,1670196038
362,karla,59.3723,24.9275,-2.46,91,100,0.51,EE,1670196038
363,whitefish,48.4111,-114.3376,-8.78,85,40,2.06,US,1670195935
364,evensk,61.95,159.2333,-15.38,74,100,5.42,RU,1670196039
365,van,38.4924,43.3831,3.64,65,40,1.54,TR,1670196039
366,mushie,-3.0167,16.9,21.32,98,97,0.6,CD,1670196040
367,piacabucu,-10.4056,-36.4344,24.2,86,51,5.38,BR,1670196040
368,hualmay,-11.0964,-77.6139,20.3,77,4,3.74,PE,1670196040
369,lesosibirsk,58.2358,92.4828,-27.14,100,49,1.16,RU,1670196041
370,snasa,64.2457,12.3778,-4.33,96,100,1.91,NO,1670196041
371,cockburn town,21.4612,-71.1419,25.79,63,9,7.96,TC,1670196042
372,hovd,48.0056,91.6419,-16.96,79,100,0.57,MN,1670196042
373,grand baie,-20.0182,57.5802,25.26,71,70,3.13,MU,1670196042
374,oakdale,44.963,-92.9649,0.68,57,0,4.12,US,1670195865
375,la rioja,42.25,-2.5,-0.12,84,45,1.57,ES,1670196043
376,sao jose da coroa grande,-8.8978,-35.1478,24.75,83,45,5.23,BR,1670196043
377,pangnirtung,66.1451,-65.7125,-1.25,81,100,5.53,CA,1670196044
378,salima,-13.7804,34.4587,25.15,62,67,1.19,MW,1670196044
379,adrar,20.5022,-10.0711,23.37,20,48,1.09,MR,1670196045
380,mirnyy,62.5353,113.9611,-22.07,83,100,7.31,RU,1670196045
381,mwingi,-0.9344,38.0601,17.91,91,88,1.07,KE,1670196045
382,bandarbeyla,9.4942,50.8122,24.52,71,50,7.63,SO,1670196046
383,nacala,-14.5428,40.6728,25.2,85,13,2.95,MZ,1670196047
384,lokosovo,61.1333,74.8167,-23.4,100,91,0.75,RU,1670196047
385,san andres,12.5847,-81.7006,28.01,74,40,4.12,CO,1670196047
386,ulladulla,-35.35,150.4667,26.48,46,10,2.1,AU,1670196048
387,teguise,29.0605,-13.564,19.12,78,40,8.75,ES,1670196009
388,mnogovershinnyy,53.9353,139.9242,-26.95,87,97,3.01,RU,1670196048
389,klaksvik,62.2266,-6.589,4.51,76,77,5.42,FO,1670196049
390,sambava,-14.2667,50.1667,23.36,88,72,3.27,MG,1670196049
391,asfi,32.2994,-9.2372,19.71,64,100,9.12,MA,1670196049
392,meulaboh,4.1363,96.1285,24.56,90,100,3.73,ID,1670195986
393,atbasar,51.8,68.3333,-19.0,97,100,2.19,KZ,1670196050
394,semnan,35.5729,53.3971,4.91,70,100,1.03,IR,1670196050
395,moerai,-22.4333,-151.3333,25.54,82,84,6.32,PF,1670196051
396,tezu,27.9167,96.1667,15.68,33,0,2.13,IN,1670195898
397,egvekinot,66.3167,-179.1667,-2.57,99,100,2.68,RU,1670196051
398,alekseyevka,50.6309,38.6903,-8.2,62,10,4.42,RU,1670196052
399,khani,41.9563,42.9566,3.76,88,100,2.51,GE,1670196052
400,laurel,39.0993,-76.8483,5.01,63,0,0.0,US,1670196052
401,aligudarz,33.4006,49.6949,2.5,84,100,1.65,IR,1670196053
402,taoudenni,22.6783,-3.9836,26.07,19,40,4.04,ML,1670196053
403,lasa,46.6166,10.7002,5.49,97,90,2.04,IT,1670196054
404,tessalit,20.1986,1.0114,24.35,17,89,4.04,ML,1670196054
405,brigantine,39.4101,-74.3646,5.57,70,0,2.06,US,1670196055
406,chimoio,-19.1164,33.4833,19.03,98,10,0.87,MZ,1670196055
407,quepos,9.4236,-84.1652,25.14,84,56,1.06,CR,1670196055
408,tutoia,-2.7619,-42.2744,26.58,82,34,5.15,BR,1670195825
409,asyut,27.181,31.1837,15.73,64,10,4.84,EG,1670196056
410,nampa,43.5407,-116.5635,1.92,88,100,1.54,US,1670196056
411,nova olinda do norte,-3.8881,-59.0942,24.88,90,89,0.57,BR,1670196057
412,provideniya,64.3833,-173.3,1.06,93,100,9.0,RU,1670195955
413,naryan-mar,67.6713,53.087,-14.73,88,5,3.83,RU,1670196057
414,ostrovnoy,68.0531,39.5131,-5.26,89,97,6.47,RU,1670196012
415,thabazimbi,-24.5917,27.4116,24.56,53,70,3.43,ZA,1670196058
416,igarka,67.4667,86.5833,-4.33,94,100,7.19,RU,1670196058
417,rancho palos verdes,33.7445,-118.387,18.56,81,100,2.57,US,1670196059
418,iralaya,15.0,-83.2333,25.29,82,3,6.1,HN,1670196059
419,oistins,13.0667,-59.5333,24.17,88,20,1.54,BB,1670196059
420,fortuna,40.5982,-124.1573,11.66,91,75,3.6,US,1670196060
421,siyabuswa,-25.1132,29.0445,20.01,76,7,3.1,ZA,1670196060
422,chumikan,54.7183,135.315,-20.94,74,100,14.2,RU,1670196060
423,sao felix do xingu,-6.6447,-51.995,21.46,97,100,0.38,BR,1670195781
424,dunedin,-45.8742,170.5036,12.11,69,98,1.34,NZ,1670195776
425,riverton,40.5219,-111.9391,10.06,63,40,4.47,US,1670196061
426,malindi,-3.2175,40.1191,25.72,80,12,3.24,KE,1670196062
427,novo aripuana,-5.1206,-60.3797,25.48,81,74,0.97,BR,1670196062
428,phanom sarakham,13.7479,101.3553,23.24,83,46,3.17,TH,1670196063
429,pedernales,18.0384,-71.744,24.59,76,1,0.07,DO,1670196063
430,rundu,-17.9333,19.7667,24.56,26,23,2.68,,1670196063
431,nadym,65.5333,72.5167,-5.09,89,100,5.85,RU,1670196064
432,sadabad,27.45,78.05,14.49,46,0,1.52,IN,1670196064
433,beringovskiy,63.05,179.3167,-11.11,84,100,4.68,RU,1670196006
434,port lincoln,-34.7333,135.8667,16.57,61,100,7.33,AU,1670196065
435,malakal,9.5334,31.6605,26.8,33,28,2.65,SS,1670196065
436,kodiak,57.79,-152.4072,3.73,81,40,4.12,US,1670196065
437,santa isabel do rio negro,-0.4139,-65.0192,23.87,96,90,1.38,BR,1670196066
438,sarangani,5.4033,125.4636,27.68,76,100,3.54,PH,1670196066
439,mount isa,-20.7333,139.5,31.87,23,0,4.63,AU,1670196067
440,atambua,-9.1061,124.8925,25.31,65,93,0.68,ID,1670196067
441,lenger,42.183,69.8839,-9.31,77,100,0.51,KZ,1670196067
442,paciran,-6.8767,112.3761,26.26,84,97,2.2,ID,1670196068
443,margate,51.3813,1.3862,5.5,84,100,1.79,GB,1670196043
444,san marcos,33.1434,-117.1661,21.57,73,100,4.12,US,1670195857
445,kungurtug,50.5994,97.5228,-26.21,93,100,0.65,RU,1670196003
446,aksarka,66.5606,67.7975,-13.6,95,73,2.49,RU,1670196069
447,jauja,-11.7758,-75.4966,9.32,78,54,1.08,PE,1670196069
448,burgeo,47.6167,-57.6152,5.09,97,100,3.6,CA,1670196069
449,sibolga,1.7427,98.7792,23.71,92,100,0.96,ID,1670196070
450,nouadhibou,20.931,-17.0347,18.73,79,0,5.45,MR,1670195975
451,galbshtadt,53.2264,78.9845,-16.25,92,100,2.46,RU,1670196070
452,aberdeen,57.1437,-2.0981,5.27,90,75,2.57,GB,1670195843
453,kutum,14.2,24.6667,16.94,28,80,4.65,SD,1670196071
454,miles city,46.4083,-105.8406,1.54,51,0,5.66,US,1670195800
455,kandrian,-6.2167,149.55,26.35,86,100,1.81,PG,1670196072
456,makokou,0.5738,12.8642,21.76,95,68,1.03,GA,1670196072
457,codrington,-38.2667,141.9667,13.4,79,100,7.9,AU,1670196072
458,wanning,18.8003,110.3967,22.11,89,92,6.73,CN,1670196073
459,tokmak,47.2514,35.7058,-5.51,55,1,7.11,UA,1670196073
460,port keats,-14.25,129.55,30.92,60,38,5.02,AU,1670196074
461,kulu,39.0951,33.0799,5.4,78,93,2.62,TR,1670196074
462,moose factory,51.2585,-80.6094,-15.0,78,100,1.54,CA,1670196074
463,dali,25.7,100.1833,4.97,72,2,0.54,CN,1670195967
464,yamada,39.4667,141.95,2.27,53,98,1.1,JP,1670196075
465,lithakia,37.7167,20.8333,13.65,79,99,9.83,GR,1670195850
466,mindelo,16.8901,-24.9804,21.75,64,40,2.57,CV,1670196076
467,udachnyy,66.4167,112.4,-24.76,93,100,9.62,RU,1670196076
468,kilosa,-6.8333,36.9833,22.06,90,58,1.64,TZ,1670196076
469,tak bai,6.2595,102.0546,25.02,92,100,1.8,TH,1670196077
470,manhattan,40.7834,-73.9662,6.79,51,0,3.09,US,1670195995
471,ola,59.5833,151.2833,-25.47,84,64,3.47,RU,1670196077
472,ramnagar,29.4,79.1167,13.24,74,0,1.65,IN,1670196078
473,atagay,55.1033,99.3875,-19.65,97,28,1.28,RU,1670196078
474,oriximina,-1.7656,-55.8661,23.67,91,100,1.22,BR,1670196078
475,abu dhabi,24.4667,54.3667,24.42,71,0,1.03,AE,1670195884
476,arlit,18.7369,7.3853,25.37,17,78,3.5,NE,1670196079
477,road town,18.4167,-64.6167,26.05,78,40,3.6,VG,1670196080
478,jumla,29.2747,82.1838,3.74,30,11,2.53,NP,1670196080
479,san juan,-31.5375,-68.5364,33.21,19,0,3.26,AR,1670196081
480,chapais,49.7834,-74.8492,-11.12,95,100,4.04,CA,1670196081
481,rio gallegos,-51.6226,-69.2181,16.03,25,20,14.92,AR,1670196081
482,ati,13.2154,18.3353,23.13,14,68,5.06,TD,1670196082
483,kysyl-syr,63.8986,122.7617,-19.51,99,100,1.69,RU,1670196082
484,rustenburg,-25.6676,27.2421,20.58,69,62,1.99,ZA,1670196082
485,corinth,37.9407,22.9573,13.83,78,82,1.82,GR,1670196083
486,ejura,7.3856,-1.3562,26.16,64,83,2.46,GH,1670196083
487,salamanca,40.8333,-6.0,3.33,91,30,3.28,ES,1670195888
488,trairi,-3.2778,-39.2689,26.24,75,45,6.11,BR,1670195805
489,grindavik,63.8424,-22.4338,4.26,93,100,3.09,IS,1670196084
490,petrykivka,48.7298,34.6351,-6.34,48,5,5.73,UA,1670196084
491,sur,22.5667,59.5289,23.14,57,0,2.72,OM,1670196085
492,santa isabel,-23.3156,-46.2214,22.61,94,100,1.28,BR,1670196001
493,kearney,40.6995,-99.0815,7.92,30,0,3.6,US,1670196085
494,mpanda,-6.3655,31.0409,18.8,94,100,0.33,TZ,1670196086
495,akureyri,65.6835,-18.0878,-3.04,86,75,0.0,IS,1670196082
496,pedreiras,-4.5688,-44.6003,24.91,82,91,1.5,BR,1670196086
497,sorong,-0.8833,131.25,26.5,83,100,2.56,ID,1670196087
498,batsfjord,70.6345,29.7185,-5.12,86,100,7.2,NO,1670196087
499,plouzane,48.3833,-4.6167,4.03,87,100,3.6,FR,1670196087
500,vadso,70.0744,29.7487,-3.91,86,75,8.23,NO,1670196088
501,gazli,40.1333,63.45,-5.06,54,89,3.52,UZ,1670196088
502,roma,43.2128,-75.4557,0.05,78,0,1.54,US,1670195958
503,gamba,-2.65,10.0,24.94,90,100,2.32,GA,1670196089
504,yar-sale,66.8333,70.8333,-8.69,88,57,5.34,RU,1670196018
505,sangueya,10.7,-14.3667,24.26,86,93,0.31,GN,1670196089
506,seymchan,62.8833,152.4333,-44.14,99,87,0.47,RU,1670196090
507,tashtyp,52.7939,89.8983,-26.31,99,29,0.9,RU,1670196090
508,damaturu,11.747,11.9608,22.48,25,0,3.99,NG,1670196090
509,kamaishi,39.2667,141.8833,2.4,53,100,2.75,JP,1670196091
510,senanga,-16.1167,23.2667,23.03,38,16,1.6,ZM,1670196091
511,fairbanks,64.8378,-147.7164,-8.28,86,0,0.0,US,1670195659
512,dera bugti,29.0307,69.151,14.95,29,1,2.33,PK,1670196092
513,dogondoutchi,13.6393,4.0287,27.99,20,6,4.59,NE,1670196092
514,nizwa,22.9333,57.5333,17.87,63,0,0.97,OM,1670196093
515,payo,-3.7508,103.6372,22.06,98,100,0.72,ID,1670196093
516,nizhneangarsk,55.7833,109.55,-21.84,84,55,1.76,RU,1670196093
517,chiredzi,-21.05,31.6667,24.71,61,1,2.34,ZW,1670196094
518,owensboro,37.7742,-87.1133,2.03,69,0,0.0,US,1670195877
519,mangan,27.5167,88.5333,13.92,49,1,2.44,IN,1670196094
520,ginir,7.1333,40.7,13.9,45,46,2.2,ET,1670196095
521,harper,4.375,-7.7169,25.98,84,70,3.03,LR,1670196095
522,macherla,16.4833,79.4333,21.48,82,53,0.24,IN,1670196095
523,buraydah,26.326,43.975,17.25,47,87,4.89,SA,1670196096
524,kupang,-10.1667,123.5833,27.32,83,20,0.51,ID,1670196096
525,conceicao do araguaia,-8.2578,-49.2647,22.9,92,98,0.31,BR,1670195931
526,suntar,62.1444,117.6319,-18.06,82,100,6.92,RU,1670196097
527,raudeberg,61.9875,5.1352,2.2,69,100,3.63,NO,1670196097
528,lufilufi,-13.8745,-171.5986,25.88,75,76,4.46,WS,1670196098
529,marzuq,14.4,46.4667,14.98,39,3,0.99,YE,1670196098
530,mongomo,1.6274,11.3135,20.04,96,23,0.9,GQ,1670196099
531,adeje,28.1227,-16.726,21.42,76,40,7.72,ES,1670196099
532,tautira,-17.7333,-149.15,26.21,80,41,6.77,PF,1670196099
533,vysokogornyy,50.1167,139.15,-24.82,93,95,3.58,RU,1670196100
534,viedma,-40.8135,-62.9967,20.05,32,42,7.8,AR,1670196030
535,ipixuna,-1.7625,-48.8043,24.04,86,98,1.19,BR,1670196100
536,abu samrah,35.3029,37.1841,12.0,70,0,1.06,SY,1670196101
537,vodnany,49.1479,14.1751,3.75,94,100,3.03,CZ,1670196101
538,tankhoy,51.5528,105.1306,-12.33,79,45,2.39,RU,1670196101
539,camacupa,-12.0167,17.4833,15.97,98,95,1.79,AO,1670196102
540,baillif,16.0202,-61.7463,23.72,73,6,3.78,GP,1670196102
541,sagae,38.3725,140.2725,0.99,100,75,1.03,JP,1670196102
542,pyaozerskiy,65.8333,31.1667,-7.99,97,99,1.22,RU,1670196103
543,dombarovskiy,50.7587,59.5386,-14.52,96,100,2.46,RU,1670196103
544,vuktyl,63.8567,57.3094,-18.4,99,100,0.96,RU,1670196104
545,champerico,14.3,-91.9167,30.3,75,0,2.42,GT,1670196012
546,nurota,40.5614,65.6886,-5.9,57,100,2.7,UZ,1670196104
547,puerto madryn,-42.7692,-65.0385,22.39,32,8,8.11,AR,1670196058
548,niteroi,-22.8833,-43.1036,27.94,66,75,5.14,BR,1670196105
549,mazamari,-11.3258,-74.5308,23.99,80,66,0.77,PE,1670196105
550,zyryanovsk,49.7386,84.2719,-13.83,97,100,0.51,KZ,1670196106
551,nizhniy tsasuchey,50.5167,115.1333,-20.59,92,10,3.33,RU,1670196106
552,greifswald,54.1,13.3833,2.44,91,100,4.84,DE,1670196106
553,sinnamary,5.3833,-52.95,24.61,89,98,1.9,GF,1670196107
554,botwood,49.1499,-55.3482,3.83,88,100,7.63,CA,1670196107
555,zabaykalsk,49.6333,117.3167,-20.31,91,8,6.92,RU,1670196107
556,jaisinghnagar,23.7,81.3833,12.38,59,28,0.69,IN,1670195958
557,los llanos de aridane,28.6585,-17.9182,18.86,95,75,9.26,ES,1670196108
558,flinders,-34.5833,150.8552,27.25,68,4,3.36,AU,1670196109
559,san pedro,14.35,121.0167,26.57,87,75,1.54,PH,1670196109
560,aswan,24.0934,32.907,15.61,51,0,2.06,EG,1670196109
561,padang,-0.9492,100.3543,24.12,87,100,1.77,ID,1670196110
